subtaskID,datapointID,answer
1,1,9000.0
2,1,4443.0
3,1,15.510666666666667
4,1,412.0
5,12618012,113.24847836621402
5,19091177,120.12967754494387
5,14793975,91.01867263800366
5,17338539,149.61245496627356
5,16351902,12.143462803670218
5,10116277,218.20031444886558
5,11045810,62.49883752070271
5,10825501,43.508915091614355
5,19727017,108.32537670845966
5,16451525,93.8892258216126
5,19783354,173.91079380739052
5,15890999,11.18501093256873
5,13899986,56.65650587409681
5,19266216,111.01373272301343
5,10836299,157.30370666916758
5,10712930,6.6493498021408755
5,17110501,200.93095428133444
5,12449126,232.98083395276575
5,18063957,108.33341761417903
5,16379355,185.59233211709437
5,11895218,4.011533868988323
5,14242881,151.18752607788673
5,10531383,6.508130365204181
5,13363777,78.43906457468879
5,12810706,161.36619197888285
5,18327170,109.55607258360209
5,16994274,7.662657899083555
5,19197815,162.03573782659475
5,19263638,69.49504200304088
5,17355831,9.92496660891726
5,17878231,102.10750307902329
5,19389535,48.04476639465484
5,15556930,5.432238131171914
5,14412517,170.51142330822023
5,18869437,9.151868613305794
5,16680862,12.84054902958303
5,10694934,140.77438528370976
5,18511325,46.079877957220035
5,18888478,149.95168255376015
5,19238785,13.921453931777918
5,12356410,166.9642939612948
5,16009926,65.5163815319421
5,17749763,77.38874288572777
5,17157156,67.77827019094359
5,12828450,14.83896216468571
5,18672521,43.36419026540992
5,17374859,84.33227417575054
5,11018598,91.79955431388538
5,12198133,9.529694445811728
5,11942073,16.546568644822145
5,13924806,39.34868687236562
5,18937879,165.01993257555608
5,16743442,107.12471662415642
5,15558386,24.89634506328241
5,19894490,71.75649472691171
5,15119296,14.820362820751882
5,16616271,10.025267815065163
5,18729355,46.313090791153584
5,13361468,51.19393018268721
5,17765743,159.4262299439954
5,19508477,31.933744885115345
5,19249358,200.131680357932
5,17119426,205.9294964456055
5,17189450,24.509476936118872
5,13211594,72.64587001111806
5,12458777,40.013379113761346
5,13407292,31.84941218752448
5,12356630,108.96293350198
5,12338147,75.10853539238488
5,15769427,134.52985237121072
5,11323469,122.29626711718923
5,17333762,130.82073607779762
5,12990892,130.6512085204304
5,16817348,34.001476507706315
5,17127278,32.02862920489562
5,13574028,16.273179310225046
5,17423465,88.23961559212381
5,18468299,205.41208443487756
5,15628837,74.4951236807004
5,14634993,89.23946072943792
5,10928223,140.50900863699314
5,18069339,132.53498018738017
5,17643401,67.97789380808456
5,16169462,14.133968480478615
5,17547681,86.83372392566636
5,17283720,20.630638308302977
5,10561982,142.24899793867178
5,14039719,102.76210572079435
5,10794997,231.04006137201907
5,10018110,-7.440907640490423
5,18735761,120.30453806872733
5,15744627,170.98760180291453
5,15059795,206.339297136286
5,18430900,101.91775976082677
5,12667831,58.194099187428506
5,11602835,172.74736728977683
5,15322514,14.087839955565329
5,15319150,19.504642619729736
5,10881697,82.25115285694946
5,10825665,104.52101232598146
5,13473399,30.902976134776594
5,19159482,88.630513340038
5,10444932,167.16806107138737
5,15360654,112.86876281750541
5,18695596,23.14061126900583
5,13153010,158.47010428562174
5,18672971,63.34740797702024
5,19809046,59.85584399176447
5,16646640,77.96420515103038
5,14777293,131.86946080812956
5,11110860,111.33031140602651
5,10539965,5.942211994524726
5,16627485,183.39951075772376
5,19090637,79.9153298061678
5,11989680,24.648410626869534
5,13065291,2.295540184545601
5,15798518,8.780876345265597
5,15168455,131.63739970545475
5,10244000,10.367372948744688
5,19257291,204.09659933090427
5,19531529,8.32671094886831
5,12359689,11.765735677902924
5,13441099,157.2811062616866
5,19827274,8.698740392055015
5,17322643,82.74126676097768
5,13195956,107.99547541720672
5,17663119,193.73745074295306
5,19669914,24.24690392224896
5,10918689,20.12426741705076
5,11960136,21.114583111687153
5,18230287,41.40389809695903
5,18979629,183.29720352472378
5,17433265,11.772975921121045
5,17960278,-6.816953216590875
5,16271091,89.56774726749948
5,18551283,171.7217072806751
5,16216461,94.52663865403875
5,16117769,195.860756933181
5,12689269,144.02290760429347
5,19326172,67.2772088727256
5,13287939,179.14315175712733
5,13714216,108.78753473813849
5,13174651,103.25652523457524
5,18740257,26.98264749316195
5,10710082,124.99123711737035
5,14770855,46.501381623317414
5,18341246,57.706252854700836
5,15135191,25.475180046544665
5,15988910,127.43063471798065
5,11878559,151.6665139578274
5,18862206,95.6194668066608
5,14418793,40.93738652817881
5,18542347,188.4387405169444
5,16729306,128.5452793463798
5,19840207,94.00713464975927
5,16699098,26.178403881525277
5,11461538,73.75434254389103
5,19477257,15.157813548166985
5,16938655,69.58847204212334
5,12383652,128.66543390055114
5,18244509,191.7563992248127
5,13060955,173.14607413024464
5,19000838,194.19440559698347
5,17528796,12.202169603181261
5,14806687,155.36844061983908
5,14350302,101.80573401303397
5,13506287,29.142458218917504
5,11300933,97.79549443960327
5,19381713,26.13690019279477
5,11979612,135.88252548076935
5,10098080,172.16294841884803
5,16408479,6.171811381260653
5,13646720,115.58761189688042
5,15486264,21.545393492555036
5,16753882,107.90178696124103
5,18710123,98.18785788207538
5,19642041,14.676263168788267
5,19767750,21.71243269468232
5,13625777,63.97908627053744
5,13976502,10.026578502955331
5,17741084,88.92231225582177
5,19936530,141.6763208688321
5,13344313,152.43357464359397
5,19287036,135.2995440020033
5,14179764,59.84492705196885
5,16819144,110.97476532667528
5,17831465,46.77096690795385
5,15381428,37.653732302135865
5,18954962,38.968065121827436
5,18233224,16.431357672579367
5,11748435,67.9683093248743
5,13052693,171.52706780255767
5,15613656,159.62481986217023
5,14933337,135.45757863332645
5,17994890,48.464880164784
5,16968340,6.083041722288385
5,13315538,106.99932741559897
5,14218053,57.97269262610797
5,11833919,61.62600169658627
5,12072028,196.48167951463705
5,19403638,11.393098578241165
5,16724473,46.37095080005163
5,13817167,114.44031570840747
5,12782916,61.49366131598579
5,19976691,26.11864318636728
5,16250104,56.89953857099938
5,15005212,113.2655444630354
5,12664301,37.523628392475246
5,13763629,126.54507652252092
5,18476144,123.93387797061608
5,17437832,70.58260387189605
5,16445155,24.16247169291887
5,13224828,20.18116908371225
5,11560169,119.48691846999299
5,13454914,76.76914078503839
5,12860108,85.05485538280539
5,13932492,136.10148956784627
5,19123344,12.742051296299394
5,16664880,19.81023136991614
5,12342367,38.294121028027035
5,12285465,84.65052197533487
5,11372824,177.11166686216617
5,14275480,64.51229380440613
5,14405359,72.63550058942467
5,18271631,8.982288325250465
5,16104833,47.10839305097289
5,18448095,185.38868037725967
5,16429150,202.95828892714107
5,12242593,110.11141768474684
5,17949654,74.62293590559034
5,12747729,95.48795533926763
5,18538549,19.460799845272618
5,10580206,26.426347181325212
5,14321936,116.0008751391234
5,11074364,25.160261992719512
5,15740279,139.26044975055402
5,18346384,102.99036370034418
5,19981365,60.53484763835509
5,11501754,71.39167873033163
5,19744649,161.84901214206823
5,18994550,96.4280572444472
5,19136513,149.21024057668023
5,15984339,212.54029979663994
5,10796536,38.21690022406743
5,10282425,35.935514995633525
5,19128492,151.6684469321355
5,13591182,6.693807862635566
5,18051437,240.98358212115977
5,16697958,8.695609220411328
5,15592834,61.705927691396354
5,14314137,146.3678735805674
5,13750554,1.4887665095130274
5,13487036,17.703504829945757
5,10749574,132.9612447493535
5,14081271,121.60419869232938
5,16224786,123.01155428940818
5,11042324,17.621435490987295
5,16105371,27.24302924862488
5,11667896,227.99737737868264
5,14366581,52.708634310621065
5,12157165,44.213203657361206
5,19387485,168.0457348224104
5,10459338,16.194291600030894
5,11152622,200.10774906671753
5,13457325,102.44567832777369
5,12411719,173.92231844823402
5,15832325,59.619788325806795
5,17954973,108.33333134346235
5,19340793,64.8668864895009
5,12036626,19.046298305230067
5,17220443,92.37531883326136
5,16335507,157.4900467578648
5,16687866,125.83755621206582
5,18522331,168.62526970276485
5,19434121,149.25777144661987
5,14522123,177.2499166995694
5,18634285,79.24772008838532
5,18129570,166.58744496467432
5,13450973,21.500827441402166
5,17422182,45.07807157024007
5,11751495,66.42062150528903
5,16984579,112.81082263199052
5,15387103,72.8268280987745
5,14837578,146.69070780987744
5,15768703,0.856662802503223
5,11548493,43.03186221246919
5,18834955,198.79209152109547
5,13439821,57.830259900659726
5,18450755,19.622308646727106
5,15297308,44.83225862381301
5,11275491,53.24213236250496
5,11126268,203.24814808090912
5,17499855,4.4726775116944
5,15740386,110.19396027945032
5,10890510,137.84314370054193
5,19536090,30.990876908653547
5,17551114,79.30403745833243
5,16518456,74.77566288074844
5,12528072,49.43530631744983
5,17285679,89.89538498162791
5,11907551,54.06814935938779
5,11541562,112.68968631422585
5,18176641,97.51275130810241
5,11692750,27.37784283773979
5,12823734,16.59971409265934
5,19188007,37.18124056531465
5,15581071,91.60410105545704
5,17813684,108.10431096358732
5,14011540,45.53753918308072
5,11264158,94.3751733801398
5,16594775,104.70572460290917
5,13705508,84.14448370538757
5,11877426,35.86175229741343
5,19866430,188.36484018666516
5,11754581,66.45715325734798
5,13060087,182.90497336680005
5,19917787,91.2973867019218
5,11790615,45.731796872011955
5,15353445,185.17466448791583
5,18710987,195.92304544972535
5,19595247,177.30331711686597
5,18448080,103.63343359964338
5,19549987,82.92270600287736
5,14365768,88.16938650973525
5,17552338,83.76711819792753
5,16915381,74.80469746108284
5,16002571,214.7166049292027
5,13004444,165.76720723237622
5,16819064,4.725111173653431
5,17017700,133.41835181601544
5,12508360,168.98105413669214
5,15402342,183.23686910331554
5,16755976,22.142774893931062
5,17537770,15.711740281485817
5,10024532,41.929169710650484
5,17444981,177.3415599262418
5,16486205,10.664177681546377
5,13724082,69.78312378309194
5,11390594,142.85913901603243
5,15126338,22.334543960191397
5,12859082,70.84803382991883
5,12685054,222.12138207017534
5,15284867,175.72179356557888
5,13531243,142.67618280819914
5,13952760,182.85274173112782
5,15708155,113.87994695752081
5,17603335,208.81912321178294
5,11601952,40.521204679461164
5,11955633,45.583234263828984
5,14855731,81.06877666082461
5,17840335,50.10413456654807
5,15325109,93.63176541323146
5,13581119,133.493747243098
5,16677705,146.31137544235122
5,12094559,28.08456607595278
5,17544745,136.92311541887526
5,16280456,71.08387643645352
5,18557816,101.96287233828089
5,13717383,74.6010783965053
5,19206216,69.75356763953478
5,13275235,54.85837799687284
5,17062945,8.058009930127184
5,15154342,27.52998346138503
5,15372564,147.21662640455287
5,15264601,72.21327096541248
5,18703308,82.54349084215018
5,16557786,118.07010569315209
5,15381496,23.539775260477995
5,18057181,204.91361406673377
5,17244118,34.389632075548946
5,10918735,16.031220228840382
5,14784975,88.67862037012908
5,14707792,12.213163305491037
5,12625925,11.064118653607963
5,11396446,5.1252950116306835
5,14693952,53.852423474743375
5,16783172,123.40745034602773
5,12940540,216.81570353419016
5,18886629,85.91031997886847
5,16282341,113.89298691098722
5,17120658,17.952978256642496
5,18436826,23.24775303218418
5,13993293,129.55723597108044
5,14333587,52.751826381753624
5,18157346,34.90806915421496
5,16630436,44.51027213983957
5,12544528,7.299411010499128
5,16711357,26.21521985343601
5,11438547,153.8566496319884
5,17621107,46.75647055321846
5,13648998,17.14415558962621
5,11488373,22.014072234182805
5,19876880,185.577706630077
5,11031105,90.89800399874319
5,19287279,95.06891094621027
5,14018168,108.71004597569801
5,10748485,5.836897698890297
5,17800524,46.944592985830226
5,11577645,119.18317317421587
5,16606738,70.53816367008646
5,14524071,224.8344497630576
5,15569252,199.82309962297518
5,11209368,20.807933359630425
5,19884433,123.11841703953907
5,16182847,65.43536349522952
5,16190465,125.75124095950146
5,11551381,61.05364493189876
5,16726083,31.43610814287908
5,16361546,213.487296870405
5,12772229,139.14666297457737
5,17933676,108.48575389575237
5,13633470,170.4547656372547
5,17140133,107.21296505671052
5,15502888,12.842998905518655
5,10773809,117.54587111153042
5,12143206,79.94720972921318
5,19928569,72.03902245361257
5,13059472,40.65972964544623
5,14505657,186.95675612281613
5,16065704,34.185687148811866
5,15620975,50.79597460133098
5,14090060,105.20477874602494
5,17071722,188.12388630186118
5,15638062,198.89897863268956
5,18567239,53.78853776814401
5,16838476,8.462858842942353
5,13602949,32.80134401649562
5,12664418,38.52577739501957
5,11643863,58.26889155370067
5,15405311,197.50935597589375
5,14340817,99.59052753572922
5,13920685,76.11181213499584
5,18468151,153.56123194370647
5,18288565,185.88641925211695
5,18893427,136.76416748124583
5,19171424,50.79270244267458
5,13325992,112.03746418787807
5,10420513,163.12755330557306
5,13056465,74.0106969648847
5,12989515,-5.8168104023455385
5,15839894,128.8488854843626
5,16743693,211.56519440315628
5,17757572,29.246722067764125
5,13599191,52.25744051488775
5,18750212,17.01758708681362
5,14565252,133.01529171821625
5,19596964,75.08598138463958
5,10522660,6.127067571128393
5,14508404,121.22822928254736
5,10157722,12.87424576667621
5,18720583,194.24162093404777
5,13600092,134.70044189492398
5,11460469,87.55147864305357
5,10211651,101.20605798105075
5,10285749,177.65050183133917
5,11714883,47.845482335732996
5,10387714,105.88457764502247
5,16394867,20.170206481941563
5,10539993,32.564823992826234
5,11466227,124.0082187245328
5,16067519,39.33303866987447
5,10153634,204.28908158144458
5,19287759,162.88221434523166
5,12459992,53.72352259138786
5,13688825,105.19495998726056
5,12571479,108.95550806080024
5,16988763,141.87931041456807
5,15644082,46.36275810683398
5,12028491,63.173291622029
5,16987189,78.26486570626021
5,19162034,109.67952814748975
5,15946455,61.8421296901809
5,12793069,167.43361738942247
5,18863989,25.33886980404411
5,18374621,19.22957209936115
5,18731530,32.178303013145104
5,13420481,154.21254817869115
5,13100619,104.19181902168096
5,13340271,29.371321494627068
5,13340241,29.0502184725584
5,14457241,53.25929687463001
5,12941537,107.10197230252693
5,14959313,5.390370785319789
5,18090813,60.43471716243272
5,15523047,78.32887297297698
5,17993440,53.629461538299765
5,17164452,41.91625843161282
5,12757736,59.177845628775245
5,13786166,24.59395978020136
5,17604950,3.3696101795909215
5,11434216,12.025115624907002
5,14450070,-2.3986766688244643
5,13777657,165.9996007904042
5,15886505,102.95459934553674
5,17138415,206.67999136538228
5,11935699,241.40904140604255
5,14824148,85.93196106245554
5,11986136,86.91094632921035
5,12432221,194.93769379304666
5,14640211,81.11282134215698
5,11897307,99.61764922042062
5,13856177,8.00623883298394
5,10574325,63.619192212412926
5,13266243,160.22584960519941
5,15529015,29.84072028232537
5,10072976,182.20326730229954
5,18933605,142.3654263338229
5,13603620,100.91273357508658
5,13445073,78.50655860638857
5,14080154,106.89554131549977
5,16205704,133.64363504801622
5,10693778,14.31888116961089
5,19323335,91.32455751046997
5,13848826,88.72068939892885
5,13884548,59.00124105773928
5,10587584,50.41666717021416
5,18065129,10.102748128917554
5,16913021,153.8578733821198
5,16702354,57.18759434482938
5,15824904,111.45426172267173
5,13344050,116.61347029574368
5,17580254,69.48757395270502
5,15685526,212.06151466654455
5,13039661,86.35955368603047
5,18586925,188.45267949483434
5,15576113,245.059396573171
5,19375141,156.08199118106774
5,16694676,109.64046721958158
5,13835087,31.042900247939798
5,16259053,12.206262560955707
5,16498944,90.9156179680808
5,11292568,157.43913691506296
5,10020017,63.55060401767099
5,10910225,37.060769711572576
5,17946518,183.78139826096168
5,13505915,36.910539907686314
5,11007329,76.41793093546589
5,13712094,43.1338951409992
5,17995892,93.67313367970569
5,17363915,22.52394255010057
5,13418066,114.99560021804461
5,15395187,214.86718638843365
5,12689171,186.08557029992227
5,17619111,21.525147480161365
5,11111864,62.8433746848157
5,17907212,53.748702147000216
5,17404107,27.944599547425696
5,16806257,113.2078972687192
5,15424186,73.7093167110144
5,11224313,110.83892498812442
5,10664035,40.6083538355505
5,10660238,44.35382172893853
5,10196902,64.1952957892451
5,16784301,136.51250752859806
5,14839368,80.01345508280703
5,17427573,63.40269374470027
5,18557561,117.748786852333
5,14978675,69.73983646484403
5,12178337,177.85745037994542
5,19463444,168.86147403627348
5,18003086,126.64485500955813
5,18011705,86.07310094050555
5,18609652,64.83469471057506
5,12640980,27.25106584937383
5,19278649,49.73334731544839
5,13124716,25.5454218000865
5,19246830,112.446391421524
5,17211799,81.72621779228079
5,19113292,195.70832558505484
5,14025178,49.898273252764966
5,10264634,47.90407906122484
5,19390875,14.572427719372996
5,17951389,71.43493290140445
5,16491591,11.8940280946387
5,11183357,202.51189394473334
5,11182154,98.43766759379581
5,10324890,155.57410226963935
5,13674580,80.43517908807964
5,18715496,23.515235470169955
5,16614243,15.782101896569358
5,12492743,157.97072553064822
5,15115764,173.93120807894485
5,12212390,81.06101780823624
5,14106041,115.01574496415944
5,18581496,135.19052078946197
5,16944003,140.14510796138205
5,16042856,72.62175054171757
5,14157184,36.63259489742059
5,18023166,11.653504215112903
5,13076521,120.63714429648853
5,13235889,18.978255275664736
5,19236065,127.81047104282501
5,18609449,127.99797109248071
5,18097581,185.48720061851517
5,13713618,28.251867963124155
5,15651260,47.755961759176
5,18663752,197.8596901994378
5,17645999,92.05995850756575
5,11123367,13.72687730890351
5,16686123,181.9621984595536
5,17967445,144.4095350011844
5,19805700,13.873475139385562
5,13782587,45.782289995824755
5,11886308,182.74077862214767
5,15676609,41.371011580928
5,11185403,187.19739271854314
5,12803220,13.490659775796047
5,13770313,22.24736629196869
5,17522821,141.29021940481562
5,19776046,206.25849286261487
5,15719420,177.18172231756984
5,18319225,54.28607732647015
5,12076075,30.04073072663857
5,19180237,134.12746741243095
5,10408742,220.1812642087388
5,13087325,0.9711895561368351
5,11769903,38.498545945611724
5,10752745,7.826449600566633
5,14821297,42.98243464396106
5,10772399,255.7998767797984
5,12407086,5.775922407079406
5,11127351,50.8646683077548
5,15837100,97.17288470573438
5,14545182,24.1047586737011
5,16016396,110.5699160727939
5,17146357,13.335580003683205
5,13256736,48.67012528978165
5,14216138,148.3959142403741
5,14701673,54.35148413250741
5,11134969,160.82958557870165
5,12385786,17.178158432490676
5,10837809,123.16306710881379
5,14526073,125.25211104228764
5,10652326,155.28135260431372
5,10258535,202.1739969631613
5,17040174,38.630251571885
5,10757752,52.41599236796272
5,16843490,208.21311262610453
5,15582287,24.13362621363072
5,14250390,151.3411701244225
5,14806334,75.36704351174424
5,10625848,206.74687196827358
5,10578948,111.29437790583442
5,11961698,66.07240172603788
5,11499460,16.103913016318728
5,19903249,101.90664182919429
5,19330869,10.865566900118267
5,13474816,68.41391166887892
5,16193075,27.90381668383867
5,12000656,67.56304871907716
5,18347183,64.37419975249215
5,15339233,-4.479378171480207
5,16828456,79.07258851506364
5,13000045,66.65392901559208
5,14080744,72.1279489777288
5,16428584,38.471704084602194
5,18481194,166.32258922650453
5,11227552,13.353325716145775
5,17316651,61.27505495705779
5,13333307,57.52209634622962
5,10252634,20.364734733010252
5,18695655,2.5867589696392628
5,18665048,-6.197335726025699
5,16730124,22.84052875110453
5,16231827,142.35793148957686
5,11917559,177.97602784003286
5,16840126,14.729003129975823
5,11976117,64.65311353367318
5,13954641,16.594792301888432
5,13647759,50.98620281374505
5,15147321,175.6475800059144
5,15101589,13.41589456547463
5,10433921,190.94976710901364
5,13293493,85.67408671958894
5,19577504,5.331979857059181
5,15735838,79.68123128666129
5,18442309,21.63379762616647
5,13066498,159.4444543295287
5,17469173,180.75863012146053
5,19579809,172.9921601471102
5,13254997,125.05275895184934
5,10719858,180.08066664522119
5,18427928,153.9620336606821
5,13777887,177.5723311771718
5,11145396,146.12390578076207
5,16297888,199.87191959945773
5,19870086,35.746548120797684
5,17973811,142.35924915997026
5,15688364,157.51341408331703
5,11403023,166.79229598738323
5,17175628,72.93846116694243
5,16801836,129.29124800817385
5,18690190,120.39091491252844
5,10679574,158.27046939373173
5,16027618,13.341142748108737
5,13447521,240.09469458859127
5,12668017,76.41060919979678
5,15467028,174.99668443382097
5,13987318,56.77678533219088
5,12251009,135.8152625570564
5,15983344,68.60447847269721
5,11626079,39.84386684761505
5,11895465,43.427470398282125
5,17885241,10.440584030885901
5,17167096,157.005502354096
5,11519009,118.64087470280063
5,16116547,66.11943509847653
5,16255198,32.93469757732123
5,13695538,182.65025432926723
5,14139725,76.50348423886072
5,11852308,85.06514920595316
5,19486187,88.50549151167932
5,12615468,159.1615610383305
5,11799772,118.89008110065339
5,17216441,31.66701301670208
5,12354924,66.88827210733187
5,19855775,187.28469734416137
5,16221437,144.23080942605645
5,14711095,13.870560926374083
5,14896158,177.92683693584735
5,18802617,168.50801433543688
5,19484612,90.85218643306693
5,10875764,130.10754523362354
5,14771776,98.96128731231447
5,17968647,87.63649951046028
5,15149196,92.32966369455977
5,12868053,-2.4097715856852915
5,12752294,183.39571293283183
5,11539382,40.83331187163617
5,18310270,198.1764683192447
5,18616446,7.7589923950788915
5,11204849,29.77247178893927
5,12386338,149.34907138898893
5,19390081,117.4647849999421
5,13532628,9.455878107329298
5,18395403,139.15473152355833
5,10335270,121.50384054583624
5,16333560,172.28981584541822
5,17695838,81.84084619924771
5,14270825,33.30742416354151
5,14641587,159.71470759923966
5,10300011,19.806314207997204
5,12691658,77.6997031597593
5,13614624,7.839725086653843
5,13291915,224.80460784197902
5,10800990,50.579355383697376
5,13057536,95.91120430796431
5,14325469,177.94397005725253
5,10326650,19.317096842949667
5,19263430,27.924411053835016
5,15799596,56.46803884714936
5,13698330,160.3490801068821
5,19101859,113.1891161704658
5,17453179,63.01666990796222
5,10280257,143.81141538511093
5,10426349,91.92796637477424
5,17603698,53.750604022071194
5,17473332,72.8947206747555
5,17470555,26.52237506551748
5,14262321,120.56912314311876
5,12927376,56.43743459850038
5,19593226,23.542851100257835
5,15116499,79.51785937882902
5,10697428,38.45639478828079
5,15671796,4.525169117959891
5,17901625,8.301856632928079
5,18233928,61.40627708755481
5,19884130,201.59562136031735
5,15129031,143.67487976234386
5,11160923,130.00154864726173
5,10488128,76.1101403163662
5,17581295,195.0279661186774
5,17208086,66.8642306429024
5,15521709,51.791749426713714
5,10626203,51.78223970448363
5,13400177,79.51610003456067
5,13919809,172.65665314060402
5,14234232,63.79592032073454
5,10028780,74.78603754472852
5,10540926,63.47249623524057
5,15443240,225.7044613037391
5,10683711,139.97028488925002
5,17388068,139.59740912792233
5,13775465,93.88038851972121
5,12671987,112.52533116661132
5,14110534,57.25256552274004
5,17131884,32.35930189450531
5,17762788,128.02467708842903
5,11222613,13.596372141349036
5,11184453,9.595023853665467
5,11693744,107.46385188328127
5,15809434,76.72933603381375
5,12787102,104.38444669192958
5,18047962,13.249375505773457
5,15797305,45.236911382993284
5,10651356,157.96363245402551
5,15253251,49.64743876188837
5,15034515,124.07189084479737
5,11141025,6.269444633806671
5,18218355,122.0447025847679
5,17941358,23.76108058012977
5,12107751,23.267220095083502
5,13370882,205.93355847174143
5,13885303,98.76339579690958
5,19929195,23.864426483880095
5,16246481,40.382560241843734
5,14284339,23.901831939508952
5,17784068,21.096855493746588
5,16864285,74.69756376477444
5,18304419,165.31124803296595
5,16318226,62.77626256338793
5,19149823,116.69366570293798
5,11396322,21.479968287997664
5,15228115,31.395563129390794
5,11776074,20.102364396212593
5,11194130,187.14696785266653
5,16823585,105.73770265668199
5,13608187,163.45893926736784
5,15449139,130.0197363673405
5,11141219,131.33466824692977
5,12951148,177.70789988765614
5,10250475,95.70773283426963
5,12705903,145.93784779229514
5,11983925,54.52565254745529
5,14168268,216.1247120820905
5,14526211,43.75287860211438
5,10338906,58.06636769874943
5,10650349,20.012460119230568
5,14535709,81.17410079090692
5,10515522,97.60572041758014
5,17340116,85.49493874829919
5,15941545,59.9697012150892
5,14490171,134.07932159000458
5,13109885,185.21108024619113
5,12164220,160.3016604949509
5,17580022,28.685889006437563
5,19440233,59.11645581485631
5,12030616,68.92294540998657
5,11575784,65.55973317519957
5,11326830,119.17382212387372
5,10590765,113.74877521225125
5,14414496,48.591066335967426
5,12646743,22.35940591633576
5,10044030,175.9957827910855
5,15562723,63.61497538120574
5,18357150,21.98518552882247
5,15595197,67.207306557635
5,13473706,96.61303401502886
5,12234447,38.7688385484692
5,14330210,34.48154375390159
5,15438938,5.298118691651169
5,19930117,78.90661037112206
5,18256462,145.827855801633
5,13771544,3.8425104188821706
5,11330250,16.17059527195883
5,11401868,204.18022086577298
5,11489098,98.87767353731982
5,16599617,168.76627416750443
5,19902630,193.16365832995143
5,13064141,141.25848519949454
5,12464850,43.47298157016252
5,11055225,91.67939836127562
5,18747756,10.48710281125058
5,19923669,-3.606259184190435
5,10837793,55.12627225816237
5,14449007,5.790178091547361
5,11721128,162.37871741790056
5,15351170,111.84735742633866
5,15152578,0.5316317909131811
5,19531492,35.942041590577276
5,11461833,58.58109650665254
5,12386684,102.38965697751024
5,15335973,32.088059357224694
5,14729590,25.493865847976394
5,13517596,12.052788306318718
5,12469143,36.356184836411444
5,17281627,98.59895458836368
5,17479757,12.73288288341702
5,17647110,177.62256835839017
5,11383161,110.80225817920339
5,15869723,13.774041936877865
5,11170599,75.28938398166599
5,13828791,9.069935782338533
5,10068396,129.5125471186339
5,16739169,6.374660603443971
5,19439155,7.209422693195734
5,14775647,31.239921516279296
5,14623070,119.55963921524308
5,14254415,187.03053502107866
5,16194704,118.15714216947154
5,11891700,136.09732621933568
5,16545426,125.18637273045812
5,11030070,-3.686217044977596
5,11885200,12.050527447271946
5,15507728,146.6602306503761
5,17571006,5.040357229884478
5,12485114,41.04325166856967
5,15184022,33.604558859995976
5,12564633,44.39212645689503
5,14076859,106.00528416086114
5,16399901,75.28330513466203
5,10288746,98.74709078331108
5,11027066,23.54671692151325
5,15309367,76.89821433739928
5,10985377,25.748466233672787
5,17491113,130.08877193378504
5,19198039,9.621954846575278
5,18083162,70.57848205644883
5,17455959,33.113088184879345
5,19263091,32.74313024216369
5,17807291,0.49061786675704866
5,13545843,4.632317451415645
5,18120896,42.99643493135994
5,19611376,47.46214020576268
5,14102172,38.299228140350955
5,11570653,96.03299114935083
5,12076838,133.66748142902574
5,13403680,16.526563447540127
5,14022979,166.61323067210347
5,19265312,82.6886659876928
5,19687447,140.8025734117731
5,10117681,257.04384229094444
5,19323323,54.81674225736276
5,16784875,112.49055461952298
5,19626904,210.07590029867606
5,11156542,62.84529246350793
5,16327817,4.123236113005078
5,15316949,103.2152846682375
5,17684243,119.44503516357676
5,17272538,-2.6153698782384964
5,15876239,177.99290006432943
5,19674610,38.80712825839052
5,14623263,184.1308375385113
5,16957143,92.3666045681869
5,12055453,107.88513500451762
5,13460239,121.69629665958426
5,15241364,86.45353872572046
5,10292822,48.65245619596473
5,15057245,193.5966358815814
5,19047835,71.16321219380112
5,10201619,76.55985556567806
5,15533816,73.82787207591961
5,11677554,145.59126481597104
5,17103446,22.774526571627916
5,13278106,41.314446089131366
5,16895588,186.22605341471063
5,14128486,214.74762671600655
5,15916234,150.52915645317142
5,15694837,100.25811221694343
5,19533813,88.02391205980867
5,14291799,23.745042890762733
5,10046234,138.53048904699222
5,17321957,103.81658472910212
5,16571009,134.87247976431638
5,11378149,154.14744926317914
5,16735987,49.316220150067934
5,15019770,60.40224091481163
5,12768149,60.8960543028265
5,19704567,85.6897792550971
5,13117579,47.29248523501279
5,18490494,95.34893494477956
5,16435400,97.91579814312935
5,15397869,70.13946964716335
5,13580920,72.55580027625601
5,17818142,80.89977248653305
5,17261510,15.47049418664389
5,13117699,170.14166674593338
5,11173286,21.107982018184885
5,19341462,35.48589533743061
5,15822364,25.293739261978942
5,15793708,61.98447508673232
5,19467443,90.9441393014717
5,18335299,54.25493474511718
5,12362756,34.91797749135473
5,19061466,103.96141996102762
5,13075455,171.32038496444432
5,18046883,116.18893742582215
5,15635492,173.36496616901155
5,13226331,50.403217240477424
5,19417282,96.34197200882112
5,14798243,87.08265177899179
5,13719936,78.35540208105694
5,15068607,62.650817368438524
5,15776062,122.35515209503502
5,15825863,2.447559098243275
5,11624077,51.39541197709718
5,13757285,100.03770882040617
5,19209733,95.35177193806818
5,13545361,111.8772203471815
5,10572763,104.39681894428658
5,15692822,36.61733096159213
5,14575693,43.989889864638954
5,10153480,45.36908193129079
5,16581669,91.00733994529752
5,11731755,203.27496216511216
5,10696486,22.79311768558685
5,15432198,162.94468664394464
5,13921452,168.18632552320753
5,10013882,9.872503920684935
5,14814971,144.55756588313199
5,17674269,19.75492548349034
5,10768653,70.56221418796436
5,14428699,61.46316958178366
5,19606867,13.567282118255193
5,15367321,71.76600477353668
5,17223195,65.16216061468425
5,18244602,204.66117864719496
5,10814160,159.47086977814274
5,13113741,75.91143535643447
5,11769359,10.43541824626216
5,10941600,40.641947415078235
5,11424215,172.65044022325054
5,14434013,130.58373768891482
5,12439551,167.23024091358343
5,15457623,31.097898629286824
5,14056325,220.99634759578657
5,10750772,79.94559709559206
5,13564841,154.87702592515902
5,13987851,58.242802908159234
5,11788968,24.59163808780731
5,13087084,163.51219033298906
5,10836953,29.319475747431966
5,19700195,78.03222494329493
5,11187151,156.0800864019409
5,16530733,70.01082429550083
5,19573156,119.39466892600132
5,19153982,195.35038709568255
5,11684834,162.5840613481305
5,12378807,187.48097200926236
5,13437669,12.41096431037407
5,15387149,80.14159828549131
5,12626325,237.25441515089108
5,15167420,155.9537143400563
5,16534110,25.730625557510834
5,10020368,40.68143942880815
5,17357066,152.63863584845438
5,17503728,79.04046809948684
5,11356595,24.730338213134672
5,10816626,83.77236979719362
5,13531444,90.22241013573436
5,12918539,63.27778964497931
5,13679881,12.087774976187035
5,16901819,40.423135928656045
5,11526216,143.6667703123647
5,14042465,139.81956370188664
5,17475382,79.11826518925804
5,15858398,73.46692498570404
5,15559115,140.1107415899325
5,16487643,112.02291680214647
5,11341181,-6.883279634196754
5,14274480,81.98296149824262
5,12181996,59.590910267449836
5,16915143,199.42516368695135
5,19471756,26.941283994415542
5,19083881,26.013081651222407
5,12340707,104.84934768103888
5,12658380,201.69942127782446
5,19657260,12.348387970163543
5,15950520,10.498448107519579
5,17795018,165.33984976261272
5,18251195,102.99791127226997
5,11022237,107.51563133461757
5,11830359,60.41335785098059
5,12449540,221.43696726450355
5,15920115,191.39488684695237
5,14317396,71.04395108735218
5,19097870,9.584747721153079
5,10228565,4.748541817060243
5,19060454,102.83440417859566
5,12492198,25.69208128474827
5,18713617,92.36445706606419
5,15142192,159.8153962633763
5,18557811,129.01440093255383
5,14584962,140.349978945608
5,18104475,12.235979285154244
5,11741166,184.768816060861
5,15395918,173.01953086856815
5,18898091,30.349789659413204
5,14281978,15.210763571058322
5,12811939,150.97361599835386
5,15294669,48.75431123794198
5,16361536,17.543330901347232
5,12162135,30.897862299867832
5,16002371,109.91402853958927
5,14647387,151.24965024101556
5,15315521,30.944290210341222
5,14879979,37.34629577206019
5,17964265,37.231370829813514
5,17490159,27.634320683909607
5,18190007,99.1374466784739
5,13534048,13.808840803896956
5,19871758,120.93067548152587
5,16138522,20.471577758580423
5,13992137,150.88429443644634
5,10876125,78.06782705313638
5,12149605,35.43420438916962
5,10618260,6.553969131501873
5,19456818,61.54827737090628
5,19254310,25.4230964519285
5,13591165,68.72186271643506
5,11557134,124.84408819038072
5,16398210,54.89308430277049
5,10489424,74.39035599621401
5,19031096,10.005643739728143
5,14134038,97.27398254326714
5,10134511,76.46924434957839
5,17461500,40.09361453457332
5,18972763,30.121228222422673
5,10683113,48.275525178795
5,14680690,77.99152115403108
5,10421422,68.83711777903501
5,15546667,167.30869267706794
5,16384794,130.20381167160104
5,10014515,37.1375916320176
5,13124424,84.07654072372281
5,17641244,123.11989960203908
5,10965339,63.977909864141
5,13613817,63.78875517679616
5,17996502,14.736540430575502
5,15607088,157.71107189674257
5,19164799,132.3072201205036
5,18369171,129.91337417825036
5,16621074,19.762158223320824
5,14517446,125.89620052726806
5,16459156,98.18653094669932
5,16185766,104.41813848852733
5,18314931,40.22390976250652
5,13338039,135.3226459740559
5,12326395,37.93317949509071
5,15242219,195.2337438164813
5,10570155,189.71428928886206
5,13184083,231.10308181835677
5,19627063,21.77928528941237
5,15814922,73.33265277675578
5,13481979,117.3768659006504
5,16924538,194.39387101715067
5,10350432,48.32595370586445
5,13345188,173.38795825309336
5,18505208,209.90284252275575
5,10327988,52.38422169366969
5,17294108,67.48729598892749
5,12164222,189.00025544244443
5,18026578,83.68042149489362
5,11643295,80.06565966791865
5,16540389,187.19899927434687
5,13645476,98.5964350401727
5,15801438,233.73716523775437
5,12317872,101.40167020900333
5,11343832,107.71221308265343
5,18488046,185.99042795877747
5,14919629,54.11103923282741
5,16163810,10.308262057839585
5,17585763,104.21686335129304
5,18493316,81.70884025061648
5,11255341,177.76912049838367
5,10100197,146.61019601726235
5,19302532,99.98162606750422
5,12313506,14.408047683735091
5,19818659,164.85206494136776
5,13289079,0.5148055972309322
5,15505673,142.39908465888254
5,18535647,59.46213989407077
5,10636936,95.71741472984525
5,10998314,28.037220610334316
5,10748741,89.46487720170246
5,19407964,15.89996040541736
5,14735685,218.50792498874836
5,13212378,99.820666568201
5,11414626,111.41752570569541
5,14897353,73.3706862844619
5,17203865,21.25011030074228
5,10776413,158.4904582408272
5,12285104,118.82908859194204
5,11507240,202.6279263598399
5,13573791,9.690452311515955
5,13034356,95.2972057813016
5,10512741,90.04906884327492
5,12337569,14.58298775624074
5,14467823,101.9918008984886
5,15303201,92.95074492327487
5,13940590,91.98995446381875
5,17278209,78.79114743168661
5,15529181,110.54753692631618
5,11053374,51.298852931186545
5,10568406,66.06477617512097
5,12752735,136.29198871682962
5,16887439,68.88029299935505
5,17362737,52.50283517952511
5,11974096,70.99896198169928
5,17806735,12.007952471916141
5,12593779,107.07553784993085
5,16062868,53.48550268141405
5,10840798,147.7393548106181
5,11217409,98.02457489347304
5,10957774,21.794088298061524
5,19917566,55.49342073191579
5,17849763,137.9070118325114
5,17055708,44.89710886784272
5,15146784,176.5188192696844
5,16673158,92.8295640772528
5,15615006,64.10474904070571
5,14144094,12.366578197646675
5,18809970,132.6507943811449
5,12290506,35.486276785657765
5,12442911,47.14988206626167
5,15762401,143.72519571449362
5,16414584,95.37202961364085
5,15117490,100.64978362613938
5,12033963,160.72069430603347
5,18667101,74.63255801430294
5,16182298,54.16400118814879
5,16519988,152.02141898254067
5,18123763,35.474378544912895
5,13152641,83.59824054128906
5,17118372,17.394431959186264
5,13846186,78.53953109719774
5,17712242,52.231204417659825
5,10670189,204.76729584370463
5,14661843,50.030229529078866
5,12642027,116.05304164235143
5,17692087,238.84578483017452
5,10590331,194.29770882201274
5,13632419,155.44948179287388
5,16247462,178.5545196736668
5,11413986,134.23056315641284
5,16447213,77.16476193649851
5,14472022,103.07646550103162
5,13530273,215.43865748110022
5,18534554,15.69716262474735
5,12053690,139.1379281488809
5,16077406,15.385322191435591
5,12498976,205.1739835265841
5,18640109,6.779068300498892
5,17972545,49.864789784504296
5,17767631,53.079597671301144
5,13726063,176.41943149212864
5,19927200,106.63982163409125
5,15820772,189.86713487424282
5,19295195,54.59184291276925
5,12301038,173.391337264231
5,16810366,74.61784438385347
5,16581650,6.922335704852756
5,14860278,31.41524558978351
5,18253591,94.61857029470156
5,16465615,1.045456909178668
5,10613982,86.23795096352671
5,19741855,102.9331460785052
5,16081638,65.4759386233796
5,11611546,135.61137661885465
5,12271222,173.84824480220104
5,10692785,61.1109168977742
5,15336635,40.797576281623094
5,14486931,106.69787500079656
5,15157306,35.44172464694539
5,13092026,27.759198625237204
5,16051554,179.2310660577529
5,19241743,160.55845089731798
5,19604437,150.47504938119624
5,11418173,78.11735840447815
5,17929599,201.138290880339
5,14863815,39.89656257994997
5,13476871,234.4144006782965
5,11952300,167.73782821130442
5,17146724,27.057599557660325
5,13114604,48.85148853676465
5,19810935,151.0353202599586
5,18146889,23.917178525715457
5,16913565,112.21848625959852
5,18904436,217.11706851721442
5,14268761,74.82955702601714
5,13370126,106.97024393710251
5,15814212,81.45494133723737
5,18748015,86.62878386010685
5,16144515,75.63230184827258
5,16571569,184.84708408776817
5,11481222,202.6481344020618
5,15443567,1.0680880646842752
5,12735892,147.0801694865018
5,17913781,137.99598179080874
5,19223155,34.645753799511226
5,15982368,128.0182911302844
5,15025623,28.758355055678777
5,13122689,11.128335801821507
5,15020614,187.90021083422397
5,17334990,35.18895451345088
5,11996750,34.932925701218835
5,18423089,206.66625542218355
5,19914423,149.05888752077288
5,15431625,33.784994563410805
5,12808543,75.12279731277798
5,12035050,132.41830948039316
5,19020086,84.833458149942
5,15173138,95.54718232607779
5,13277989,44.59888281513581
5,15116033,137.7226016004458
5,13468507,128.081857111053
5,10404148,33.68992092089849
5,13616020,171.52182829322
5,16583666,17.82244934019934
5,10534221,51.79546289907275
5,14862392,165.41086491606848
5,13250862,23.866649699045738
5,17786931,29.128482069240704
5,19327424,18.290446176509533
5,18053386,201.90308047550354
5,17385529,15.461353353142727
5,17420024,132.71908067084138
5,16435957,178.7240268492372
5,11125155,221.24603610983513
5,11109348,209.17151890436423
5,13835999,97.3683595851535
5,12316661,47.67359088455383
5,11264857,114.96037623795844
5,13403096,109.50824578224797
5,14437091,28.942080394931224
5,12455822,35.35542336112219
5,17527579,16.620439155643126
5,10483147,2.0185811682808747
5,12581930,109.97142748249675
5,18360308,163.77840899482203
5,14317433,17.72030854800512
5,17555415,64.41707748291778
5,16000348,78.15253344920954
5,17543772,68.69723239216788
5,11198823,157.58348605117715
5,15929957,20.485531668881407
5,10029283,169.43347703675238
5,16030389,186.26347693607278
5,10159698,55.02640296165513
5,17163975,40.23624651852892
5,15613086,128.96644619970414
5,14527870,112.44833504565179
5,13043909,135.56293929922134
5,10409323,188.67063915826884
5,10483083,106.12781647126631
5,10278209,109.66732847418798
5,18427134,223.60300220714885
5,14936913,76.91878337821873
5,19015061,5.435725084088332
5,13230812,148.76393401773356
5,19649571,204.74288268771966
5,19111574,186.76284260524008
5,15944181,136.9778977994631
5,14680888,22.16286589496113
5,13098248,24.471016967495316
5,11111946,48.64686783961311
5,11271537,55.15403534433415
5,12133833,56.78183022642679
5,14810869,138.21940292780727
5,13897832,151.78539913865518
5,16851786,110.72476713837378
5,12195790,64.25738470970693
5,19800068,153.66475136512017
5,14539746,12.142327291391098
5,13794336,9.211403848031182
5,10708946,204.09280677197597
5,12607296,149.17515188207912
5,13628657,192.1942082086279
5,14367405,155.0604669074969
5,16126751,130.2544901826466
5,18136071,70.9480724731421
5,14803387,18.800353110619326
5,11050843,196.55650928854305
5,19225455,98.90097443414194
5,17876911,18.71731821082423
5,14857521,38.99026563609357
5,14185910,89.53383673017382
5,12379970,93.42122660545753
5,17146058,105.60603152942
5,14478823,89.55718187546334
5,16727533,235.38707481213436
5,16356048,18.615530833484854
5,11020941,27.214111646729435
5,18789619,9.192760193801988
5,16450349,8.156143455287477
5,10439176,13.36078136635409
5,11896131,10.710765477322752
5,11263414,117.15371848503199
5,14510596,202.2690112470438
5,10811492,65.18551223446921
5,17091484,8.442644205259086
5,15408307,75.56505640384832
5,14435543,63.75759822226348
5,17755692,97.94360739530657
5,12576313,26.818230176494637
5,10212725,105.37542196253249
5,13439846,53.26328896007398
5,19935702,85.18107395390544
5,12514678,26.575813581327083
5,18790504,150.32830204699042
5,15065097,112.19787922783505
5,10030155,161.55173482606227
5,17091491,76.13245965563192
5,18434125,145.4273074629621
5,14126743,160.8419929235917
5,14399506,248.02139865189554
5,19802483,107.76081183258076
5,12741414,20.94947590217282
5,12316929,39.62563185449426
5,14056281,111.98897021273504
5,13227373,37.72988038278315
5,18894201,68.74503822061308
5,13370901,39.38474545246308
5,16403093,154.84699294419482
5,16926563,86.92230539385015
5,16627700,47.160145018705805
5,17781417,17.001123698646495
5,11131422,90.23388600144737
5,11886358,80.1014347777548
5,18677018,52.34269295306983
5,10044774,115.76378799458787
5,12807437,123.74531575306108
5,15998462,94.75550287121587
5,11550336,21.688841877771466
5,18629848,120.13087765834679
5,16762787,104.45061950203548
5,11437286,172.73733587222745
5,14861698,66.17121729637763
5,12856324,22.595173335084013
5,11333721,46.01371285789642
5,19498959,42.90954036482742
5,19468940,65.68677296817329
5,19427819,168.79699119200103
5,18536110,100.80408587133282
5,12766571,49.9380498335329
5,16300919,101.03297763418776
5,19790099,97.09832576859479
5,17455639,264.4087907343145
5,14243456,216.84001063309157
5,14862282,56.09660066670703
5,10849136,2.648705750735118
5,17293855,118.72323251921512
5,14313259,16.719547177321417
5,11124485,138.47115852689345
5,16998689,27.2804764897395
5,18465650,113.9831931102989
5,16539642,52.78704605275428
5,14980446,131.1832290472584
5,17179219,10.004102376915085
5,13078136,14.283477946561959
5,13443145,213.2440060366891
5,11473245,30.69312085057888
5,16363754,49.42160443525708
5,19414091,129.94360638144374
5,15993923,10.664859597624329
5,10352816,17.818397202699884
5,13276631,38.55786645996902
5,18662300,9.36335235908544
5,14643198,55.89306256116781
5,18611096,122.91075651513368
5,17430067,90.12333165493244
5,11275720,53.193850106117466
5,16183915,112.26223666114709
5,17960713,43.66058426323113
5,17278224,63.89691103916168
5,11100068,176.13764704389382
5,12116666,221.27659385118
5,16208777,187.20789341759664
5,16366307,41.7464432464564
5,14446331,42.20481390205984
5,14967200,129.94835653873335
5,16581155,102.20819282693205
5,10921184,156.6671361073267
5,15546601,87.50081770186729
5,10836250,92.18196077720442
5,16959883,126.98251556737314
5,10960879,10.046850537549005
5,16187872,32.37511935059922
5,16606505,57.37111646480133
5,15537199,17.869562169558307
5,13906295,3.7366057430068906
5,15035775,28.05311934864423
5,17743296,93.0130836326654
5,18696318,49.91665435265344
5,10454943,101.37646129286358
5,10551051,196.1763623085054
5,14525296,215.92156183069056
5,13363046,69.52552987271197
5,18641361,49.66970881626766
5,10518667,162.53303136933715
5,12825803,160.69351800614595
5,17071709,46.68519438030198
5,18030469,169.41970158868355
5,16690747,64.99965523674452
5,19755121,131.87440899936655
5,12051724,174.524404620553
5,18400571,33.4822541980143
5,13126814,36.83603749166545
5,11734749,28.883173530320192
5,12366575,11.615532879150635
5,13427834,103.4535182103198
5,15323218,152.25098252931065
5,14016915,147.719066463702
5,19432608,40.0632770611991
5,18840522,110.75363826097578
5,16919031,29.873505528330256
5,15217381,141.3006274441177
5,10584576,69.55343686726835
5,18224414,42.97928931658233
5,12607460,15.721563234717763
5,15688404,48.7898157264514
5,12651581,27.799597369916512
5,18512048,118.49045842381086
5,10458941,93.88966415608641
5,11015052,24.781806855897415
5,10791124,69.84029160330547
5,18067228,15.063770760852748
5,17452059,17.55388701741444
5,13808692,133.8093285691823
5,17824478,184.1523224955983
5,10984938,189.1409640806146
5,17968072,62.78624503064408
5,12122483,44.863864308044924
5,16429622,111.22608536737295
5,16038706,162.6763716230938
5,13575146,21.951582480102473
5,19718404,112.20818395424781
5,14319968,161.39567287106038
5,15918484,68.46881987745417
5,15304818,224.4678770418044
5,14471154,123.90024002726773
5,12404748,166.70276352200136
5,16682664,215.9821658773664
5,18134764,226.0405485279012
5,16312452,130.98573742199642
5,16068699,3.6341728393223036
5,11412464,49.10750532958391
5,10060820,49.7241963585676
5,11796211,129.88862245942966
5,19923545,92.98637546077063
5,17580170,148.43028370641974
5,10895081,17.949132948522703
5,17952647,175.08298074146285
5,12607594,0.4671676127328084
5,12329819,131.35740238100016
5,18950208,8.310662001068735
5,14944352,162.3650732280529
5,14784146,31.46507753632946
5,17079669,158.55046685121624
5,12641918,-0.5984657005236329
5,18423795,26.79689988848898
5,19993026,52.1616685685774
5,11451387,120.91419695749451
5,13963518,64.66497260619136
5,19495975,72.5356912058024
5,16925643,137.48480331468042
5,16861387,69.51706426689684
5,11907199,169.99335450555137
5,13871231,14.844328736064256
5,14611928,207.94278978572987
5,15813601,112.87428643186693
5,14442069,113.54467680116277
5,19448313,35.187411911090486
5,14208170,8.012780981164553
5,17352972,20.845092144655766
5,16153573,23.411078589302434
5,18731446,96.25408147604168
5,10173035,159.85140586720698
5,15073838,37.388994852264084
5,18078068,55.48176548366061
5,18395627,184.0236529008322
5,15856282,149.30531439596996
5,18469573,18.60473463758953
5,12894611,9.088116847727221
5,16206632,14.475871951014469
5,12694662,105.70467230120475
5,10054414,13.894766660524283
5,19411336,143.1269315606234
5,18009903,56.17500256701719
5,11683940,139.8524272970198
5,15045095,40.07981612458785
5,10186484,28.252458685471055
5,12978154,119.29122661866813
5,19436934,155.62492608518963
5,10219385,131.59563450362708
5,15655031,62.73342364907684
5,11791421,77.25327043243166
5,14087143,69.49991307013913
5,11890833,251.76824709135508
5,13655471,50.324726012829075
5,19554011,3.1818191207381545
5,19119129,79.43946492332806
5,12885800,88.7645110830616
5,18446454,222.15578671249932
5,17903478,111.70425736137899
5,15493847,159.10039966107956
5,19854360,166.71291630631814
5,10599580,88.19937075108552
5,11634794,41.07000599668476
5,16368768,-2.4195589991666395
5,12338829,17.318071400382436
5,16496960,173.0793160526287
5,15960735,225.24314796044098
5,14870963,145.46570375967264
5,18060808,19.680972065362013
5,14733486,121.37639997318479
5,18862690,8.742284065402202
5,15060881,65.88546968595118
5,16985982,125.30935620065691
5,12464728,41.022961386541
5,12493640,44.9168024897384
5,12228347,177.36253576777784
5,11965928,73.52675964349281
5,13373783,115.16011391451622
5,13147502,72.648351031098
5,16312785,156.47380079931978
5,17536268,6.522130121386681
5,18089884,128.44893546342792
5,16149003,132.79586594548522
5,14255616,67.65914774544024
5,12221911,132.8024333274557
5,14342459,68.81170424192757
5,17855805,34.467459918425135
5,16614250,12.448667678270624
5,12484482,163.8378333571353
5,16545808,95.31503694496044
5,13843851,33.65612829047694
5,11155591,102.365000843285
5,18940241,33.78052574925678
5,12202933,55.18429054540165
5,16642211,16.098578503335744
5,15687185,152.4886472577316
5,12446714,24.5556794493162
5,14503730,166.20068261283092
5,16574333,109.03845588341461
5,12338218,47.75440252174738
5,12751806,129.31371007071843
5,18075092,180.74557676974064
5,15142644,16.667659757367574
5,12811292,147.75182491522028
5,16859377,95.22808206621531
5,14611732,109.91679627415878
5,19382612,184.55406548968443
5,14359991,177.15241181500707
5,10256991,30.59375795956049
5,15962526,209.67919112544826
5,12209289,31.696724974346594
5,17542228,144.38704148202925
5,17928110,23.26195250234241
5,10344110,67.5896250405544
5,17442379,6.220502893420274
5,13199773,145.9883128534637
5,12737789,175.40684333734418
5,19143691,144.25035688355365
5,16644341,1.1007407381223828
5,14674348,25.354064284198785
5,16320744,6.433860328898291
5,18609268,140.59730636238714
5,18939429,136.49172106914457
5,13020317,134.32924000865535
5,16057645,125.40669889875583
5,10078938,31.70122519647802
5,18407550,181.20714264338932
5,16425056,42.547766365322005
5,14174816,36.98951916427231
5,13331407,52.584412601326775
5,17338250,11.185368565418415
5,17025860,111.36260566057675
5,16109501,158.85808984105915
5,18203033,90.25832069322418
5,19070128,68.28805022147137
5,16885350,53.96385556098133
5,14951529,183.49196287956744
5,18105316,144.3635741125447
5,11029659,169.85086574696425
5,12047532,148.34460801984477
5,12598637,176.50349461908496
5,15631560,46.39514776478923
5,11269335,76.6077308978509
5,10334813,92.41612791041668
5,11823837,22.96967138606891
5,13352002,17.817640276874997
5,15773206,60.08890604469235
5,17847617,49.14125942953491
5,15671040,27.78506729705324
5,13289098,23.836831985310027
5,17576098,93.8031751026632
5,18867544,196.02318197092538
5,18298527,39.18860418097302
5,10431709,19.88499366940033
5,16051076,111.13727692346993
5,11509886,39.368859167534225
5,12733586,169.73868979150058
5,18086810,198.03301412127075
5,15097199,23.212564342013735
5,17180141,103.01239807443703
5,19536630,55.33331012481115
5,15140300,14.176734207802525
5,16483325,121.34044642532311
5,11015537,99.55836517175632
5,10692173,84.32832493016834
5,17427449,14.865979010944798
5,11041219,92.80691202042648
5,15714145,138.09251762408195
5,15485728,135.92907296790037
5,19109837,8.61516587164246
5,19876392,11.217206135844705
5,17166077,165.8253436455355
5,17217533,35.907133404706485
5,18948351,71.60891449232125
5,10967150,183.17788293452847
5,16584377,40.08136348971976
5,18804479,196.32687352509424
5,19072496,147.40858599834056
5,12663057,171.1382403317474
5,11974143,89.62843576661196
5,10721146,10.480179034598876
5,11499025,201.31935760285467
5,16685853,114.43388886566362
5,14534663,135.42723025660257
5,15394963,76.61891881100941
5,19351353,49.634341517936136
5,13975523,48.93169392845354
5,15585440,169.6423548241765
5,19698350,119.58873654950233
5,19925665,132.95569283164735
5,17428309,244.1622359885841
5,10679568,86.57479738797599
5,10647318,28.467791780457787
5,13487576,115.20526264225492
5,19206652,211.3035540671563
5,16704757,91.91544578830373
5,16869419,71.21098298446606
5,10549089,142.96144742937673
5,17424080,210.07714924393582
5,14289608,59.73141333854315
5,18668213,158.2987022629876
5,15873175,94.1649499896055
5,14181557,193.9146100109866
5,15581999,205.60150126661551
5,14867603,100.55317845995714
5,18680931,157.97445891250746
5,10679148,105.90914468528949
5,12816531,209.42140376996406
5,11171031,64.98122484164
5,18830129,10.142016254525203
5,14076910,44.80421178943217
5,10290416,125.65424299191741
5,18010312,30.079349091690005
5,18383050,167.28465816396613
5,10012801,92.20746832455394
5,19078038,129.25440931615088
5,17114930,121.08273861351371
5,12734129,136.49939270785723
5,15734602,189.7171952745462
5,19644436,16.62954356428554
5,16255880,128.92566956993193
5,12864673,57.63602231037736
5,18534280,131.2340972900615
5,18302278,90.93827053737952
5,16143118,15.897767561804017
5,10806105,13.156291860871562
5,14690844,39.5873483699977
5,13045270,85.9860373807927
5,19628507,130.96974521774996
5,13812171,54.82265357615745
5,10274403,108.10713899921858
5,18654886,223.46115485103962
5,17637168,17.78665662116076
5,19323531,24.32876386494047
5,11565892,147.75854992439304
5,19035293,173.21680938121688
5,12520261,96.7310753019583
5,12097772,58.200826828857444
5,14565579,29.96873044918837
5,13609978,102.19577369334532
5,17434752,185.91055898181128
5,15621286,39.41255646543635
5,18531491,150.17942968120116
5,15812605,185.99887538773498
5,10638410,57.15585824092801
5,13557369,6.9198114187920226
5,14434854,148.04536171642408
5,14526871,250.72542042634188
5,17757241,93.69130509072508
5,13364333,140.15416562801832
5,17497515,88.81192364913042
5,18935847,52.57158432502232
5,17213390,134.3792487043471
5,12275191,42.0055060606156
5,19198864,115.02386541075026
5,12561963,11.180087232805406
5,14598018,4.750719888805492
5,11701631,59.708893313196484
5,14367729,85.17312480739372
5,10034058,64.04431434915777
5,14923092,19.42122638211623
5,16341116,101.81669926202063
5,17556356,84.88943796374501
5,16528482,71.65143476040801
5,13367422,71.5357273995151
5,18052201,13.260204728662728
5,17632939,18.65675602120909
5,15217189,30.53273979381146
5,11586446,210.02823151858615
5,15720905,34.42415370270429
5,18708916,5.265534434995104
5,14622745,54.93361880354507
5,19412126,27.366570560042938
5,12027095,87.2222913600591
5,14924291,160.2388243133512
5,16306567,128.83283096185974
5,15340495,138.7848598531124
5,14783606,28.2091302171564
5,12056612,17.909677586218933
5,12990661,6.415966936891806
5,11505250,98.00298533096083
5,13390903,160.35832103139109
5,12539849,223.10134796989917
5,15850859,29.63024899096135
5,18381946,93.40773840127956
5,16840355,191.06552717127016
5,18276811,69.5969844173742
5,19312299,183.2718271343729
5,15705621,162.00828232211808
5,13586770,123.69421802884327
5,13226546,16.41671773863426
5,14749158,179.02747176668933
5,15053436,105.17070181096554
5,16423930,172.07411643697384
5,11903763,59.11263259252806
5,10266885,123.01664822042945
5,17427527,84.61161349988043
5,10678203,17.864283358769683
5,19184075,193.57660132910715
5,15797959,33.5488856868553
5,17850807,5.419732411676634
5,14754307,59.12324998508738
5,19212878,94.57745907646633
5,11163519,85.45041589640141
5,11194446,56.37142654104804
5,14641755,49.86599382395971
5,17007545,104.37828056154206
5,13145015,110.41738207952295
5,17924677,149.17721105197654
5,14222177,123.97671622719079
5,14594125,63.475224520810954
5,12578905,18.39513444630559
5,19743095,74.63322041578009
5,18251057,10.019602124448213
5,14816450,103.07167531703071
5,12488636,24.180562073430153
5,12627486,156.71377409389748
5,14794863,-0.15160492397168923
5,12995157,32.75831819514107
5,13165267,75.0159563569854
5,18877726,174.48290872508147
5,11497178,159.9844101465843
5,11459632,146.60343875354386
5,19233602,4.953161748180648
5,12721653,22.673071316020923
5,13592901,217.59303613902313
5,16955714,24.399320605983945
5,19181116,69.86180497347668
5,15706257,12.269933956720507
5,15993245,85.1426016824947
5,11638755,75.9696589048818
5,16294317,97.28966332942471
5,16754337,108.49621103824627
5,17701747,57.506802810685585
5,17691320,101.33945852197853
5,18418162,47.3784417498188
5,18562631,49.561406231740264
5,12995619,30.051291378093808
5,19905268,149.44413444642984
5,17010521,43.99987533165812
5,16247292,97.72356546440317
5,13708720,37.86495851521582
5,17769681,167.95877684868327
5,10929819,137.17299634135156
5,13439081,72.12935103482526
5,12657969,16.20064407875951
5,18415591,247.98649293806403
5,12184919,48.493380958691375
5,15652514,45.817952111069815
5,14932277,131.43727290652748
5,13259987,3.1893934557130024
5,16033850,61.00353511895439
5,11030399,224.07513549823773
5,10856272,162.31574248146853
5,11587360,66.8170504951226
5,14821765,208.81878617862074
5,15457723,167.16947443648542
5,18199020,44.92990340476091
5,13876122,135.97569130715902
5,19007399,254.64707697019344
5,11127760,9.871285329736622
5,15701879,116.48887487196629
5,14467814,58.90506392355515
5,19597115,56.85719589819961
5,13582178,195.54737746559474
5,11424977,141.63706571090023
5,12826306,-1.7784112906475968
5,11500782,198.8191400925943
5,13119538,3.5019339421630065
5,13917424,55.675713274813276
5,16563524,60.318316477447
5,12276044,8.238757463960951
5,17434736,126.24745004753888
5,14194141,72.36010352261974
5,12061293,15.971558703419731
5,17567539,149.34265992879205
5,17886937,80.08363920235348
5,12175219,89.64534779821261
5,13045083,184.76640413658242
5,13900774,193.1775617935741
5,18167689,89.3836296015652
5,19363563,157.37956191282626
5,16577415,31.03756401540403
5,19157348,175.59427641062712
5,15656843,79.28288273941158
5,19668956,36.74440235116949
5,13158135,134.45796866654376
5,14211723,52.408146791343384
5,19866093,12.741337468531626
5,11516947,137.5340654910497
5,10713082,53.22624208342175
5,10578169,65.77356860473864
5,17399312,25.321480960250753
5,18712681,149.2558921057859
5,10817893,163.52331100862662
5,15552704,67.14781507197709
5,10263534,110.87515573200172
5,12117509,20.343304920462828
5,12598568,38.36439095685455
5,18950872,20.821637613897423
5,12866382,189.18084543667612
5,19267304,33.17740873911191
5,19168761,102.2278702000581
5,12025402,92.18020391281753
5,14972495,118.3535839867954
5,12594630,90.00341646370349
5,12259323,234.4580651870251
5,10554747,68.24027718581691
5,13664308,95.38728336311102
5,16187117,195.1402324826835
5,13494202,21.175620313937287
5,13787129,103.21633610490687
5,11136737,135.0152259327181
5,18551947,86.1264736049823
5,16500330,177.3667762005461
5,16290700,73.19047313479386
5,15488231,185.95171735339412
5,11132839,-0.4619257448279086
5,11743674,191.63784780813393
5,16013032,10.540131593574799
5,17323433,0.3910456917244005
5,17844092,182.91374922430958
5,10806545,107.0566007760334
5,12245709,103.58101720088881
5,13028559,178.03415123842677
5,17951742,69.78252279219468
5,19873068,192.64332807062146
5,10570131,38.47478417398874
5,11924755,41.81442586113117
5,18277145,76.32801502683417
5,10011152,35.48456377597908
5,17897028,43.01690064194802
5,19363282,47.636896660325306
5,10100604,120.36387439194816
5,18986508,114.05614007575691
5,13201153,129.84255668667902
5,13517666,96.58794058449035
5,10738453,62.65741313895309
5,14236637,134.00501385057368
5,12687046,51.828215534615765
5,19311491,9.04359152303843
5,16076553,5.456460683210423
5,14747863,93.34054517162011
5,16483138,36.12716464237482
5,19204077,97.10773052772721
5,18141931,130.42015624345748
5,18618513,74.96661074078125
5,17244789,201.01793582918208
5,18907327,50.8214997923144
5,16908484,5.616806026052984
5,16673395,4.709541877024634
5,14774225,143.44019557027792
5,19830858,155.64450315310165
5,16214244,38.33382214112323
5,11592348,73.94431855774576
5,14468018,132.73414743855338
5,15122480,43.98961859246015
5,12781381,28.973994965310283
5,18643157,64.42215863783618
5,18596658,249.3692277048757
5,17034126,113.09299474268448
5,17582299,32.49617736430551
5,12413894,194.49874220976602
5,11560557,15.53126477605079
5,15529998,40.872321148919426
5,13077162,63.188347945220656
5,13283070,118.00856535500517
5,19649913,22.68400930769043
5,16779958,112.69951794469246
5,16551300,225.64390135030249
5,19031605,56.705385001169944
5,10044742,188.71702035860392
5,17921022,175.75421547042362
5,19414695,100.82989737357518
5,12214037,237.28650613258202
5,10678968,173.48838589768354
5,18945548,217.6666538811304
5,12725801,130.3009986989017
5,10722301,224.65060822383163
5,13631848,147.76435544640412
5,16691224,210.7586387710408
5,12200442,150.76421172662282
5,18922575,141.2871034505659
5,19292845,132.85614651133181
5,13200777,157.63819315808195
5,11833531,168.64715721882635
5,11314332,196.60562419991288
5,13595349,134.55983994621243
5,17987803,228.34549163343053
5,19332445,252.51868735501114
5,19275798,205.20718790112244
5,19021774,170.06155866297178
5,17034298,161.88320391581152
5,12111577,182.94709672474153
5,10216564,149.42333394922213
5,17351775,113.97255236976319
5,12161575,198.37295116185732
5,19387480,131.5634335802489
5,17632150,135.11892878905604
5,17367800,170.87676570009717
5,13584547,219.3340854415032
5,19189565,188.5867421769912
5,10655307,243.44765089973447
5,11174359,177.32073040790118
5,10993516,169.53878074190226
5,15846563,106.83164204390248
5,11047913,246.09850451369118
5,15976671,162.3432105679655
5,14713837,155.36476053151716
5,11609353,229.45973162702973
5,11598389,127.0101059986079
5,19742183,120.10863687255225
5,17985735,276.56303346509594
5,18912823,181.59153873519097
5,15205165,247.2739899585747
5,11586141,202.34012995311497
5,16856583,210.64631640349444
5,15349518,180.65489336002793
5,16244343,223.7020980988333
5,15610653,281.13840721477044
5,15451975,219.91171400626587
5,13611443,209.38862386617546
5,11444699,172.1627173345023
5,10121927,117.43820789398158
5,17205493,146.08846004740263
5,14923037,135.4888703854341
5,19489756,160.2662161198263
5,10820174,186.6469105559819
5,15551300,275.67947439424756
5,12030953,186.66041952525512
5,10504495,196.64711157437057
5,12162019,284.5566510897381
5,15761095,267.79783891823536
5,18099699,199.94103808833205
5,11737355,161.60386352893744
5,19674782,177.25413407268422
5,16959962,258.09546786839456
5,10244375,276.345595998512
5,19216736,137.4410719621652
5,16852354,255.9831889743794
5,12794499,230.4507987710898
5,17946119,161.5390096706821
5,14020766,123.43125161568871
5,17195081,274.1365654253181
5,19841917,260.3700288917488
5,14351379,176.11369678765953
5,17662178,226.55124000489212
5,13477185,196.47564046274186
5,19499991,152.14306508573583
5,10699781,115.98266183936123
5,19422296,137.61686201351614
5,11164848,305.3725256270994
5,15192349,210.18237827141292
5,17768023,235.5041392440317
5,19595594,183.29983503455037
5,15253349,217.32702084056808
5,15627503,141.7737220548214
5,19053561,120.0728428943426
5,18002893,221.52928136586513
5,13100757,138.25150446624775
5,17489844,253.41646872111897
5,10838690,179.99141543902164
5,10915031,215.84186630172263
5,11198377,144.097423237832
5,10387410,196.83020934961615
5,15857007,140.02733761549013
5,10578173,160.42849593517434
5,10750470,195.7559687599936
5,19589677,171.342089125813
5,17232883,210.52781993003225
5,14277328,259.51008310948623
5,10191695,285.28206865409425
5,18230784,194.65776852545048
5,19219932,231.3308137062453
5,10749242,173.28848209062892
5,15052652,244.79564442098211
5,14838024,281.5609264600828
5,16608705,210.1781769544416
5,11009245,226.11819420926133
5,18725130,158.8230095218085
5,16079391,233.35512522304077
5,19105462,273.831105653747
5,12209671,153.76173458673958
5,17687117,162.31966133844753
5,11158106,151.85090144826978
5,14124820,268.8867076274066
5,15630986,316.6806457073804
5,15424154,240.2346405405558
5,15769995,156.86989563629947
5,17385854,212.09557332733363
5,13569052,241.67291517494306
5,17073516,118.73661646558064
5,11171425,281.6457948238611
5,10641592,176.42126995935672
5,10935124,143.82599143041506
5,11888103,156.530798208489
5,15388958,127.11254135620167
5,13335632,280.9691740986123
5,19118511,182.9267144235393
5,18468491,107.26204624387525
5,12817999,181.24250911023
5,14646801,161.05478251758706
5,11427185,294.1764794219926
5,13987013,131.67091899001957
5,16662232,234.95669046691074
5,13503519,230.3158570861384
5,18344237,148.34874365777006
5,16867879,144.18910031512536
5,17864453,185.98310547961688
5,16292172,208.12302675023682
5,11188547,229.53527382418298
5,12849819,280.27252310942714
5,17421142,193.21440866618428
5,13560718,160.1087815263565
5,18281524,212.06821604569222
5,19514398,131.81427947161671
5,15908181,245.73351282220227
5,19821971,179.46265178634826
5,17588263,278.16330684435303
5,11969058,162.2437983826046
5,14881898,130.4449450075574
5,10929883,122.93940966907188
5,14139296,124.57739507579718
5,14512475,231.21650249058519
5,11077743,203.80536813420798
5,15520376,244.04958593345594
5,10798827,260.97721929028745
5,15189685,152.85451936128288
5,11713594,156.52221556628558
5,10749016,252.86488621384274
5,15183212,243.35123571537446
5,15764363,157.05384124568218
5,12459349,147.86674736668385
5,17911210,203.6462262169586
5,14119028,253.88243709688157
5,19173079,223.51054169704133
5,15873077,142.3521628765045
5,17890537,189.50677543666035
5,17992573,269.7659035786185
5,13560201,248.4792704140948
5,14776860,141.05031485704956
5,16704675,155.88813555449883
5,17401412,115.81648427241474
5,19916629,246.274025806351
5,14344454,246.77984808882348
5,19873306,182.92799434751066
5,13228155,118.03991865221074
5,17026665,170.94597063063912
5,13796363,124.38095680941863
5,12387943,187.3583143226578
5,16369713,138.92268015854916
5,11382604,99.48977252484438
5,15482212,183.66623240524063
5,16655537,162.459316347989
5,15099951,146.9377588323
5,19294552,204.81614292606685
5,11278718,198.46431884141737
5,19955129,281.4317483358446
5,10574846,133.49007254929558
5,13306036,107.68124346106883
5,14346624,225.88871976423405
5,17670151,132.07734755696112
5,13908888,158.03532140816702
5,11084582,208.8586959968772
5,19281731,265.35381166169554
5,18830467,173.21501358998518
5,13121532,203.50705729117175
5,16916239,276.64300833260455
5,16474431,235.66982426975375
5,14864063,184.7206265314021
5,11844188,134.57455312954545
5,18837518,150.51952709110776
5,11529290,159.0723278165991
5,10519895,181.5430022112481
5,14030207,176.9351679886799
5,10877086,282.76301704872117
5,11994271,197.64589334383635
5,13391492,126.433741936911
5,12573938,176.4843495606761
5,14693053,128.34042200768107
5,18256224,148.34513640572334
5,12492875,263.31327633568327
5,10935309,151.23560394096353
5,12879279,295.06200013726544
5,12329594,261.1148123905585
5,12775148,210.09395731782564
5,15356825,208.25986398761864
5,15997292,125.62348890889585
5,18998025,222.7786222305396
5,10473293,297.7370119977992
5,14743686,266.65997304530646
5,11553280,141.4769368878636
5,12047880,209.4351367175047
5,10915154,266.233880338675
5,13736809,258.1985394896441
5,13547603,149.74431640627597
5,10842365,269.8781104166389
5,10856526,187.59164767105108
5,12423844,134.64372481986123
5,13858889,153.20750039082645
5,19812639,234.99684067980047
5,11198764,197.77961770448945
5,17476818,190.07480251034798
5,12163303,228.49610864246694
5,11466118,133.0211695945361
5,18353709,170.51223054595886
5,16764469,242.2290641681982
5,13130803,111.44171152749776
5,11583518,226.67187143909416
5,16905108,162.77425053181054
5,18216103,125.30555517255299
5,16716551,219.8010241904979
5,16346057,187.50890647792062
5,10613630,151.0390541511311
5,17001581,253.80115107034186
5,11339639,280.8617256791231
5,19262661,248.65644387994553
5,10079907,199.9597429160438
5,18517438,193.5718150533612
5,10271107,284.24733457672227
5,19431944,177.93165391706663
5,16229313,171.4709851651303
5,12538092,257.0615722134738
5,14710937,152.09245286510992
5,10958351,229.6993295938853
5,10334352,189.5144000227612
5,14688063,193.0096571782447
5,16509162,159.26820258409282
5,17095611,143.02188971663622
5,12503152,171.8893946106666
5,18594088,126.23922731528573
5,17347005,190.26298530291405
5,18283544,211.2499662250671
5,16736138,306.450813418976
5,13128454,171.13180073626387
5,10300085,117.94750816134585
5,12027509,239.24589625972413
5,13950642,273.37378482903546
5,15143484,264.0467596280741
5,13460654,163.43852605822855
5,10691755,206.0720088564018
5,17893740,213.65589628924442
5,15647186,223.0394305848822
5,16469590,215.6230831143576
5,18537428,210.3382888783313
5,15963255,169.2439107084216
5,14924017,162.53298636228305
5,12439651,261.6462940860252
5,18214674,173.9506192978945
5,11033102,196.6234343992051
5,19119246,145.20051952535601
5,18427366,255.17988462884557
5,18732270,159.0615642481551
5,10785168,239.9918508333995
5,16239426,236.25588561476172
5,13851025,222.19409038166128
5,19961457,117.81298785851241
5,17272346,128.82854132193455
5,19105093,152.8172982116979
5,12113548,164.00071167526175
5,16299661,153.29510822521962
5,18129245,166.77730296072178
5,13742239,278.8018879019399
5,19102304,255.9153266321269
5,10863418,273.71093100351305
5,10696688,263.2203467740208
5,15950791,212.24033276317795
5,15027985,142.1478483289019
5,16971500,187.52984909567652
5,12644749,236.76104304110845
5,12465744,151.84779016965592
5,16435736,124.99838796304401
5,15266714,149.866504235486
5,10930223,291.26349221299
5,14457174,286.0291726370782
5,12671704,278.0479537341606
5,10351855,194.20152838482574
5,14104006,210.03810475921307
5,10976200,245.2714159912279
5,16096253,151.18730182594567
5,15145218,261.31790624900344
5,15418365,152.23818786609513
5,11597377,286.44356588456674
5,18903739,269.2590313466421
5,14791051,187.7386262213132
5,19881435,162.0490687259658
5,18857306,253.0186474242616
5,17396723,101.60629990705694
5,18411334,316.8070145671456
5,17372184,139.41976953437592
5,11570095,282.7203649569529
5,18108835,253.09978779441525
5,15760787,263.9897599012229
5,10144162,123.79456495808283
5,19553206,153.31944647812634
5,16637487,171.13757817031262
5,11440528,214.84426070758224
5,19117054,166.8545602642356
5,17533132,156.6777441102243
5,19984594,131.25530201136507
5,14127126,184.2159536812532
5,10137583,280.56905310238886
5,15324233,180.58454346325306
5,14675979,212.3420036349193
5,17045391,202.43833543597032
5,12800029,231.4473000033977
5,12364237,299.0129070393646
5,14050643,231.59342176653132
5,19723108,194.7265414156218
5,13761965,152.68330391254597
5,13877263,160.39541362981532
5,12845462,114.57965846726431
5,15361484,289.1051630754522
5,11090635,196.32740093886252
5,18417736,219.4180855113509
5,10763443,135.44831361610613
5,14193376,162.71512364155836
5,17409758,130.86478554457767
5,19694360,160.65676236445307
5,13873260,153.34149775391046
5,12768402,148.05046088014967
5,13592450,161.8150390652927
5,17483493,144.18976499466538
5,16729866,202.58867273969832
5,19798030,213.2039120059922
5,15077435,180.62137323289966
5,11672096,268.4812493230327
5,19936740,146.713736759301
5,18338594,164.73428580304721
5,10502259,309.88362434471225
5,12247019,160.05116045808438
5,15508692,224.8401589842311
5,13552226,246.39667717219072
5,12503559,189.82967677780533
5,17476817,195.7060755994034
5,13738449,216.1443503597959
5,17486297,286.9383439587659
5,17811582,227.95125466889527
5,17498795,232.01915341036357
5,13134028,129.2466073015858
5,18327253,168.85183356206085
5,13943410,141.12768563748682
5,18193204,135.50440943933637
5,14568323,133.93070711216802
5,12056752,271.48020756426723
5,12962299,224.96076039004686
5,18738505,273.7208601131941
5,19526474,184.90653347298507
5,12304455,170.88461934861778
5,13843078,272.6186855084649
5,12137980,301.28441398106645
5,15512410,115.56807877885971
5,16797205,162.7116580771442
5,15110569,220.34764181110762
5,15343257,254.94800819090568
5,16849206,258.48786497241707
5,16175343,290.1563216797383
5,19738696,143.41656996166682
5,13528412,281.0816346517685
5,17634402,165.08640627801657
5,13137444,276.5459076395876
5,11829660,227.20452500244295
5,19558300,165.5061331398615
5,17662750,133.0788595239245
5,19852884,142.54155893341965
5,15095278,246.42073720704786
5,19414696,131.89600741887762
5,18157671,191.8665912776246
5,14948683,126.79889174509212
5,16056227,147.26045682421335
5,17360501,140.67292469755
5,10403248,169.76504600527863
5,15264106,243.1718548274402
5,17302065,258.48316342361613
5,15991491,225.30682150089956
5,18293520,215.5618279217574
5,17216755,113.27182462876378
5,17755264,173.53408379758116
5,19910752,201.06349075309163
5,16834717,240.63080155728466
5,14167876,257.7448158075443
5,15716243,163.10383427930367
5,19639685,153.52898605488303
5,15402776,283.1710690320365
5,13063321,165.70957056937823
5,15819513,148.42199903508907
5,15995398,147.69513667606662
5,19708157,299.5958120744749
5,19203764,143.71727232357563
5,12325020,196.01488614947635
5,13139047,253.25034347580726
5,13302612,222.83293192469506
5,18824494,154.84571623010044
5,18276257,262.3491973687027
5,19260136,292.562058663812
5,13191795,130.5644087218293
5,11028752,152.9071603502336
5,13635516,275.23243499233274
5,17478690,329.92085255772156
5,17382283,151.9289083051824
5,13704384,299.8273203639914
5,13138973,125.4794165641964
5,12038169,164.24305440556492
5,19015743,215.692960306317
5,17900200,138.27450358503012
5,17008515,129.77366662586786
5,19644355,203.56038616709424
5,13096111,232.84169067706955
5,18881969,132.87144993645512
5,10015652,204.2711243266461
5,14527077,209.2635737847068
5,18002707,132.74868827535227
5,11611941,195.12848329283497
5,12388740,157.52852422561068
5,15975029,154.2203154325257
5,11513602,212.94117943159353
5,13606343,253.64283861966555
5,19570514,223.1898139873445
5,17734647,155.5815988143118
5,15156843,231.82995929403995
5,18850031,178.0174605233138
5,17894176,298.4246254767293
5,16590422,164.23520300354977
5,10052269,236.22055033503432
5,10706514,268.1322376019642
5,12878524,172.7752867896939
5,13333615,166.3207545420634
5,17870994,127.72885488234628
5,13718636,169.17122118674996
5,12917144,152.48338395361964
5,16407493,305.5119703197959
5,18097245,146.5316167622699
5,13728699,206.62568079501148
5,18868699,207.3928123828644
5,19162380,213.5112862449954
5,15884105,218.25074479584117
5,17159230,131.3307968922403
5,15643866,218.31379773000776
5,13023498,225.11549641556934
5,11127230,150.95141327970225
5,16039970,186.21498848722837
5,18148854,177.18503731052505
5,13469241,125.86144392026073
5,12651082,129.57028321183498
5,15417553,235.38844097794373
5,15089150,242.40421741615734
5,13083167,149.96753268694528
5,19644961,247.61862780933905
5,19753808,125.46396331188224
5,13867618,137.0070379752175
5,14879846,233.77470489115586
5,12405000,136.02039264774874
5,11874273,265.28518508277347
5,13175113,290.944424972309
5,17984882,125.14390410215428
5,14532532,273.91004841397574
5,19922693,246.50600248943698
5,17169981,146.6982908156653
5,17107172,163.46401071150854
5,10420609,158.23782960686924
5,14738987,223.2962601062764
5,10386905,258.81869025980836
5,16648415,133.07449731446343
5,14121007,121.65292926876201
5,15595236,226.6785829431642
5,10871586,117.9851287131837
5,13964681,236.90271784518268
5,12888552,175.80928629085707
5,16652577,250.79831456960176
5,12838170,140.8220055869104
5,19782827,268.82480026263886
5,19941237,143.81490367461828
5,18089588,155.05234487511387
5,11452096,177.71264562173667
